tema_id,nivel,macrotema,rotulo_automatico,termos,n_projeto,n_publicacao,n_tecnologia,rotulo
M00,1,,"Café, algodão, citros, cana e outras culturas","conilon, café conilon, ácida tahiti, sunki, meliponicultura, caiaué, lcr, abelhas ferrão, limeira, trifoliata",263,12847,145,
M01,1,,"Fitossanidade: doenças, nematoides e plantas daninhas","atrazine, pachyrhizi, enterolobii, phakopsora pachyrhizi, asiática soja, diuron, meloidogyne enterolobii, glycines, sulfentrazone, heterodera",89,6405,37,
M02,1,,"Tecnologia de alimentos, bioprocessos e novos materiais","coalho, nanofibras, queijo coalho, cheese, nanoparticles, nanocompósitos, leite cabra, probiótico, leite cru, derivado leite",279,8623,46,
M03,1,,Hortaliças,"cepa cebola, alface americana, salada, cebola allium, tomates, batata batata, fritura, tomate tomate, tomate tomato, cultura cebola",107,5012,34,
M04,1,,Solos e fertilidade,"classificação solos, preta índio, cambissolos, lodos, horizons, sibcs, solos município, ácidos húmicos, trocáveis, gênese",157,9455,51,
M05,1,,"Florestas plantadas, sementes e propagação de plantas","eucalyptus grandis, urophylla, diamétrica, dunnii, altura peito, paraguariensis hil, indolbutírico, caribaea, ácido indolbutírico, miniestaquia",81,8219,21,
M06,1,,"Agricultura familiar, sistemas integrados, florestas e clima","iclf, logging, forestal, exploração florestal, inventário florestal, forest management, florestal manejo, florestal floresta, plano abc, agb",319,12142,73,
M07,1,,"Geotecnologias, agrometeorologia e zoneamento","landsat, modis, agrometeorológico, cobertura terra, agritempo, zoneamento agroecológico, remote sensing, sentinel, agrícola terras, land cover",157,8158,82,
M08,1,,"Gestão, formação e biotecnologia","plano diretor, gerenciamento resíduos, estagiários, comunicação interna, pibic, metadados, divulgação científica, ainfo, instituição agrícola, gestão inovação",175,8958,42,
M09,1,,Recursos genéticos e fruteiras nativas,"nomes vulgares, vulgares, descrição espécie, maracujazeiro azedo, açaí euterpe, maracujazeiro amarelo, guaraná paullinia, cincinnata, maracujá amarelo, flavicarpa",158,9759,56,
M10,1,,"Piscicultura, mandioca, pimentas e óleos essenciais","pirarucu, mandioca mesa, cultivares mandioca, variedades mandioca, tilapia, tanques rede, pescadores, genótipos mandioca, manso jatropha, arapaima",203,8088,62,
M11,1,,Feijões,"feijoeiro comum, vegetal phaseolus, feijão melhoramento, genótipos feijão, cultivar feijão, linhagens feijão, planta feijão, macassar, comum phaseolus, conafe",55,6708,56,
M12,1,,Microbiologia do solo e fixação biológica de nitrogênio,"bradyrhizobium, mycorrhizal, amf, tropici, micorrízica, rhizobia, micorrizas, mycorrhizal fungi, arbuscular mycorrhizal, nodulation",131,3158,26,
M13,1,,Arroz,"brusone, arroz sequeiro, cultivar arroz, genótipos arroz, upland rice, produtividade arroz, linhagens arroz, irrigado arroz, plantas arroz, grãos arroz",43,4257,26,
M14,1,,Uva e vinho,"wines, cabernet, sauvignon, cabernet sauvignon, enologia, suco uva, vitícola, vinhos finos, vinho viticultura, uva semente",45,3677,38,
M15,1,,Nutrição animal,"cordeiros, lambs, peso vivo, silages, castrados, digestibilidade aparente, consumo digestibilidade, feedlot, detergent fiber, dietas contendo",37,4570,12,
M16,1,,"Grãos: milho, soja, sorgo e girassol","híbridos milho, genótipos girassol, variedade zea, melhoramento milho, cultivar soja, maize melhoramento, híbridos sorgo, genótipos soja, soja brs, sorgo biomassa",74,12636,99,
M17,1,,Fruticultura,"tommy, atkins, tommy atkins, abacaxizeiro, fijiensis, mycosphaerella fijiensis, mal panamá, prata anã, pacovan, bananas",117,7019,77,
M18,1,,Pragas agrícolas,"anastrepha, tephritidae, moscas frutas, diptera tephritidae, ceratitis, ceratitis capitata, frugiperda smith, pretiosum, carambolae, cigarrinha pastagens",92,8527,26,
M19,1,,"Cadeias pecuárias: leite, corte, aves, suínos, caprinos e ovinos","leite derivados, atividade leiteira, ordenha, broiler, peles, caipiras, produtiva leite, leite cabra, leite leite, broilers",202,5860,45,
M20,1,,Sanidade animal,"mastite, microplus, contortus, haemonchus, doença animal, haemonchus contortus, artrite, rhipicephalus, boophilus, caprina",111,4715,18,
M21,1,,Pastagens e forrageiras,"forage peanut, diferimento, morfogênicas, massa forragem, características morfogênicas, acúmulo forragem, tiller, folha colmo, forrageiro arachis, cacahuetes forrajeros",109,6549,88,
M22,1,,Reprodução e melhoramento genético animal,"parto, gir, estro, girolando, desmama, inseminação, raça nelore, inseminação artificial, guzerá, bovinos raça",84,6566,38,
M23,1,,Trigo,"giberela, cultivar trigo, brusone, trigo variedade, sul trigo, ensaio estadual, trigo irrigado, tritici, trigo rio, sementes trigo",44,2599,23,
M24,1,,Recursos hídricos e irrigação,"barragem subterrânea, cisterna, bacias hidrográficas, cisternas, barragens, barragens subterrâneas, hidrológico, jaguari, hidrologia, pivôs",59,2904,28,
T002,2,"Café, algodão, citros, cana e outras culturas",Café,"coffea, canephora, arabica, coffea canephora, cafeeiro, conilon, arábica, coffea arabica, coffea arábica, cafeeiros",31,2416,16,
T014,2,"Café, algodão, citros, cana e outras culturas",Citros,"citricultura, tahiti, fruta cítrica, hlb, porta enxertos, cítrica, enxertos, ácida tahiti, sunki, cravo",28,1558,30,
T017,2,"Café, algodão, citros, cana e outras culturas",Melão e melancia,"cucumis melo, cucumis, citrullus, lanatus, citrullus lanatus, melon, meloeiro, watermelon, melon melão, melão amarelo",14,1235,3,
T022,2,"Café, algodão, citros, cana e outras culturas","Abelhas, apicultura e meliponicultura","abelhas, abelha, ferrão, mellifera, mel, apis, apis mellifera, meliponicultura, apicultura, abelhas ferrão",25,1207,12,
T027,2,"Café, algodão, citros, cana e outras culturas",Cana-de-açúcar,"cultura cana, saccharum, variedades cana, cultivo cana, açúcar cana, officinarum, saccharum officinarum, vinhaça, soca, cultivares cana",48,1257,8,
T028,2,"Café, algodão, citros, cana e outras culturas",Algodão,"herbáceo, algodoeiro herbáceo, algodão herbáceo, cnpa, cultivares algodoeiro, algodão algodão, bicudo, algodoeiro algodão, colorido, cultura algodoeiro",34,1704,17,
T031,2,"Café, algodão, citros, cana e outras culturas",Seringueira,"hevea, hevea brasiliensis, rubber, rubber tree, mal folhas, tree seringueira, ulei, borracha, microcyclus, microcyclus ulei",8,954,22,
T055,2,"Café, algodão, citros, cana e outras culturas",Caju,"cajueiro, anacardium, cajueiro anão, occidentale, anacardium occidentale, anão, anão precoce, castanha caju, clones cajueiro, ccp",26,763,15,
T064,2,"Café, algodão, citros, cana e outras culturas",Dendê (palma de óleo),"elaeis, guineensis, dendezeiro, elaeis guineensis, caiaué, palma óleo, oleifera, elaeis oleifera, dendê elaeis, amarelecimento fatal",30,712,2,
T117,2,"Café, algodão, citros, cana e outras culturas",Coqueiro,"coqueiro, coqueiro anão, cocos, nucifera, cocos nucifera, anão, coconut, coco verde, água coco, coco coconut",14,590,16,
T141,2,"Café, algodão, citros, cana e outras culturas",Cenoura,"cenoura, carota, daucus, daucus carota, cenoura daucus, carrot, carrot cenoura, queima folhas, cenoura cultivar, alvorada",5,451,4,
T026,2,"Fitossanidade: doenças, nematoides e plantas daninhas",Controle biológico de doenças (Trichoderma),"trichoderma, trichoderma spp, micelial, sclerotiorum, crescimento micelial, sclerotinia, biocontrole, sclerotinia sclerotiorum, conídios, isolados trichoderma",19,1570,8,
T033,2,"Fitossanidade: doenças, nematoides e plantas daninhas",Plantas daninhas e herbicidas,"glyphosate, herbicide, herbicides, biótipos, atrazine, pós emergência, daa, imazethapyr, daninha herbicida, chlorimuron",19,1434,11,
T041,2,"Fitossanidade: doenças, nematoides e plantas daninhas",Ferrugem-asiática da soja,"ferrugem asiática, asiática, pachyrhizi, phakopsora pachyrhizi, phakopsora, asiática soja, fungicidas controle, controle ferrugem, eficiência fungicidas, thiram",20,1297,0,
T070,2,"Fitossanidade: doenças, nematoides e plantas daninhas",Nematoide-das-galhas,"meloidogyne, incognita, galhas, enterolobii, meloidogyne incognita, javanica, nematoide, meloidogyne enterolobii, meloidogyne javanica, nematode",12,956,3,
T082,2,"Fitossanidade: doenças, nematoides e plantas daninhas",Agrotóxicos no ambiente,"pesticide, atrazina, tebuthiuron, atrazine, sorção, risco ambiental, groundwater, água subterrânea, herbicide, diuron",16,792,6,
T145,2,"Fitossanidade: doenças, nematoides e plantas daninhas",Nematoides das lesões e de cisto,"brachyurus, pratylenchus, pratylenchus brachyurus, heterodera, glycines, heterodera glycines, cisto, nematoide, nematóide soja, cisto soja",3,356,9,
T052,2,"Tecnologia de alimentos, bioprocessos e novos materiais",Bioprocessos: hidrólise enzimática e biogás,"hidrólise, biogás, celulases, aspergillus niger, lignocelulósica, niger, hidrólise enzimática, bagaço, bagaço cana, biomassa lignocelulósica",99,1760,5,
T056,2,"Tecnologia de alimentos, bioprocessos e novos materiais","Biomateriais: filmes, nanocelulose e compósitos","filmes, films, cellulose, nanofibras, composites, compósitos, nanocompósitos, starch, propriedades mecânicas, packaging",23,1319,3,
T068,2,"Tecnologia de alimentos, bioprocessos e novos materiais",Queijos e derivados lácteos,"queijo, coalho, queijos, queijo coalho, cheese, leite cabra, queijo minas, cabra, leite cru, probiótico",28,1087,11,
T079,2,"Tecnologia de alimentos, bioprocessos e novos materiais",Espectroscopia e métodos analíticos,"nir, infravermelho próximo, espectroscopia infravermelho, nirs, libs, spectroscopy, icp, laser, oes, calibration",31,1172,9,
T092,2,"Tecnologia de alimentos, bioprocessos e novos materiais",Farinhas e panificação,"flour, extrusão, farinhas, farinha trigo, glúten, flours, gluten, biscoitos, farinha mista, cookies",16,778,3,
T112,2,"Tecnologia de alimentos, bioprocessos e novos materiais",Nanotecnologia,"nanotecnologia, nanopartículas, nanoparticles, grafeno, nano, nanopartículas prata, zebrafish, nanofibras, nanomateriais, nanoestruturados",47,1078,4,
T116,2,"Tecnologia de alimentos, bioprocessos e novos materiais",Compostos bioativos e antioxidantes,"juice, phenolic, bioactive, phenolic compounds, antioxidant activity, bioactive compounds, atividade antioxidante, juices, anthocyanins, carotenoids",35,1429,11,
T038,2,Hortaliças,Hortaliças: consumo e conservação,"conservar consumir, comprar conservar, comprar, consumir, salada, frutas hortaliças, hortaliça comprar, sementes hortaliças, culinária economia, horta",41,1141,7,
T040,2,Hortaliças,Cebola e alho,"cebola, allium, allium cepa, bulbos, alho, cepa, onion, cepa cebola, allium sativum, bulbo",10,629,6,
T049,2,Hortaliças,Batata e batata-doce,"batata doce, tuberosum, solanum tuberosum, batatas, solanum, tubérculos, ipomoea batatas, potato, ipomoea, batata batata",9,896,14,
T063,2,Hortaliças,Tomate,"tomateiro, esculentum, lycopersicon, lycopersicon esculentum, tomato, tomate industrial, tomates, lycopersicum, tomate tomate, lycopersicum esculentum",27,842,4,
T121,2,Hortaliças,Alface,"alface, lactuca, lactuca sativa, alface americana, crespa, alface lactuca, alface alface, massa fresca, mudas alface, medicago",6,525,3,
T139,2,Hortaliças,Viroses de plantas,"mosaic, mosaic virus, tomato, begomovirus, begomovírus, viruses, geminivirus, mottle, mottle virus, potyvirus",14,979,0,
T011,2,Solos e fertilidade,Carbono e qualidade física do solo,"carbono orgânico, orgânica solo, densidade solo, agregados, biomassa microbiana, spd, cot, compactação solo, carbono solo, física solo",43,2486,8,
T075,2,Solos e fertilidade,Adubação fosfatada,"adubação fosfatada, superfosfato, fosfatos, superfosfato triplo, fosfatado, fosforo, fosfatados, fosfato natural, mehlich, fertilizante fosfatado",7,1067,9,
T091,2,Solos e fertilidade,"Química do solo, calagem e plantas de cobertura","cover crops, biochar, fractions, lime, liming, uptake, magnesium, exchangeable, urea, soil chemical",5,857,0,
T095,2,Solos e fertilidade,Adubos verdes e compostagem,"adubos verdes, lixo, resíduos orgânicos, green manure, vermicompostagem, adubos orgânicos, composting, compostagem composto, processo compostagem, lixo urbano",25,1103,17,
T096,2,Solos e fertilidade,Gênese e mineralogia de solos,"horizontes, mineralogia, latossolos, gênese, fração argila, caulinita, horizons, sibcs, mineralógica, rcc",9,935,0,
T114,2,Solos e fertilidade,"Calagem, gessagem e remineralizadores","rochas, gesso, acidez solo, silicáticas, rochas silicáticas, corretivo, aplicação calcário, biotita, agrominerais, xisto",24,1084,10,
T123,2,Solos e fertilidade,Lodo de esgoto e metais pesados,"lodo, esgoto, lodo esgoto, lodos, metais pesados, lodo residual, adubo esgoto, metal, mineralização, biossólido",16,658,4,
T134,2,Solos e fertilidade,Terra preta de índio,"terra preta, índio, preta índio, terras pretas, tpi, pretas, pretas índio, ade, antrópicos, earth",12,517,0,
T143,2,Solos e fertilidade,Levantamento e classificação de solos,"neossolos, argissolos, cambissolos, solos município, gleissolos, latossolos, classificação solos, reconhecimento solo, amarelos, classes solos",16,748,3,
T023,2,"Florestas plantadas, sementes e propagação de plantas",Sementes: germinação e dormência,"dormência sementes, superação dormência, germinação semente, escarificação, armazenamento sementes, velocidade germinação, embebição, semente germinação, sementes espécies, quebra dormência",6,1958,7,
T030,2,"Florestas plantadas, sementes e propagação de plantas",Florística e estrutura de florestas nativas,"florística, ombrófila, floresta ombrófila, composição florística, diamétrica, ombrófila mista, dap, herbário, fitossociologia, distribuição diamétrica",25,1952,1,
T058,2,"Florestas plantadas, sementes e propagação de plantas",Cultura de tecidos e micropropagação,"bap, explantes, calos, brotos, benzilaminopurina, explante, explants, callus, multiplicação vitro, calogênese",1,1163,0,
T083,2,"Florestas plantadas, sementes e propagação de plantas",Enraizamento de estacas,"aib, enraizamento estacas, estaquia, estaca, indolbutírico, ácido indolbutírico, indol butírico, iba, aib enraizamento, ácido indol",5,764,7,
T101,2,"Florestas plantadas, sementes e propagação de plantas",Eucalipto,"eucalyptus grandis, urophylla, eucalipto eucalyptus, camaldulensis, dunnii, benthamii, eucalyptus urophylla, eucalyptus benthamii, eucalyptus dunnii, eucaliptos",22,1135,4,
T104,2,"Florestas plantadas, sementes e propagação de plantas",Erva-mate,"erva mate, paraguariensis, ilex, ilex paraguariensis, mate ilex, paraguariensis hil, hil, mate espécie, ervais, yerba",10,589,2,
T128,2,"Florestas plantadas, sementes e propagação de plantas",Pínus,"caribaea, procedências, pinus caribaea, caribaea var, taeda, pinus taeda, dap, elliottii, hondurensis, densidade básica",12,658,0,
T007,2,"Agricultura familiar, sistemas integrados, florestas e clima","Agricultura familiar, transição agroecológica e desenvolvimento rural","transição agroecológica, mulheres, familiar agricultura, reforma agrária, pobreza, rural sustentável, sociologia, participativo, assentamentos, agrobiodiversidade",85,3848,9,
T020,2,"Agricultura familiar, sistemas integrados, florestas e clima",Integração lavoura-pecuária-floresta (ILPF),"floresta ilpf, ilp, crop livestock, iclf, ilpf integração, livestock forest, integrated crop, pecuária ilp, livestock forestry, ipf",69,1476,18,
T062,2,"Agricultura familiar, sistemas integrados, florestas e clima",Serapilheira e fauna do solo,"serapilheira, macrofauna, tropical úmida, serrapilheira, edáfica, agrofloresta amazonas, cultivo multiplo, trituração, agroforestry, multiplo",5,818,1,
T069,2,"Agricultura familiar, sistemas integrados, florestas e clima",Sistemas agroflorestais,"safs, saf, agroflorestais safs, agrossilvicultura, agroforestry, biodiversos, quintais agroflorestais, agroflorestal saf, agroforestry systems, agroflorestais biodiversos",33,1097,6,
T099,2,"Agricultura familiar, sistemas integrados, florestas e clima",Manejo florestal,"manejo florestal, forestal, exploração florestal, inventário florestal, florestal manejo, peixoto, floresta tropical, madeireira, florestal sustentável, pedro peixoto",33,1645,20,
T115,2,"Agricultura familiar, sistemas integrados, florestas e clima",Emissões de gases de efeito estufa,"gee, emissões gases, metano, ghg, estufa gee, abc, emissões gee, ipcc, redução emissões, mudança clima",62,1087,14,
T130,2,"Agricultura familiar, sistemas integrados, florestas e clima","Florestas tropicais, desmatamento e LiDAR","forests, logging, lidar, agb, tree species, tropical forest, canopy, tropical forests, wood, deforestation",8,897,1,
T131,2,"Agricultura familiar, sistemas integrados, florestas e clima",Serviços ecossistêmicos,"serviços ambientais, ecossistêmicos, serviços ecossistêmicos, ecosystem services, psa, pagamento serviços, policies, pagamento, policy, soil biodiversity",24,1274,4,
T043,2,"Geotecnologias, agrometeorologia e zoneamento",Sensoriamento remoto e índices de vegetação,"ndvi, modis, índice vegetação, landsat, sentinel, images, índices vegetação, vegetation index, remote, sensing",10,955,4,
T054,2,"Geotecnologias, agrometeorologia e zoneamento",Geotecnologias e sistemas de informação geográfica,"webgis, geoespaciais, sig, geotecnologias, geoprocessamento, geoinfo, geográficos, geoinformação, internet, metadados",51,1243,36,
T073,2,"Geotecnologias, agrometeorologia e zoneamento",Zoneamento agroecológico e aptidão agrícola,"aptidão agrícola, zoneamento agroecológico, agrícola terras, pedoclimático, terras município, zoneamento agrícola, potencial pedoclimático, zoneamento ecológico, agrícola zoneamento, agroecológico município",27,1065,14,
T074,2,"Geotecnologias, agrometeorologia e zoneamento","Chuvas, clima e evapotranspiração","precipitação pluvial, erosividade, meteorologia, niño, thornthwaite, penman, estimativa evapotranspiração, estações meteorológicas, evapotranspiração referência, hargreaves",9,1263,3,
T090,2,"Geotecnologias, agrometeorologia e zoneamento",Uso e cobertura da terra,"cobertura terra, geoprocessamento, landsat, satélite, hidrográfica, bacia hidrográfica, cobertura terras, imagens satélite, bacia rio, bacias",15,1188,7,
T098,2,"Geotecnologias, agrometeorologia e zoneamento",Agrometeorologia e monitoramento,"boletim, agrometeorológico, meteorologia, agrometeorologia, agritempo, agrometeorologia clima, monitoramento agrometeorológico, passo fundo, meteorológico, meteorológicos",0,1167,3,
T125,2,"Geotecnologias, agrometeorologia e zoneamento",Inteligência artificial e visão computacional,"learning, visão computacional, image, deep learning, machine, machine learning, neural, imagens digitais, neurais, redes neurais",43,862,11,
T136,2,"Geotecnologias, agrometeorologia e zoneamento",Evapotranspiração por satélite,"evapotranspiration, safer, sebal, eto, algorithm, balanço energia, retrieving, evapotranspiração referência, monteith, energy balance",2,415,4,
T003,2,"Gestão, formação e biotecnologia","Gestão, inovação e informática","organizacional, informática, informática agropecuária, intelectual, aprendizagem, negócios, agricultura digital, biblioteca, propriedade intelectual, internet",74,2963,18,
T080,2,"Gestão, formação e biotecnologia",Gestão ambiental e planejamento institucional,"educação ambiental, gerenciamento resíduos, gestão ambiental, diretor, plano diretor, bioeconomia, missão, coleta seletiva, agroenergia, responsabilidade",69,2066,13,
T085,2,"Gestão, formação e biotecnologia",Bioinformática e genômica,"bioinformática, crispr, splicing, genomas, binding, microarranjos, sms, computational, suite, contacts",20,1851,10,
T087,2,"Gestão, formação e biotecnologia",Iniciação científica e formação,"iniciação científica, graduação, bolsistas, pibic, estagiários, jornada, pós graduação, jornada científica, alunos, resumos apresentados",5,782,1,
T126,2,"Gestão, formação e biotecnologia",Biossegurança e transgênicos,"biossegurança, ogm, geneticamente modificados, modificados, biosafety, organismos geneticamente, transgênicos, planta transgênica, ogms, plantas geneticamente",7,686,0,
T133,2,"Gestão, formação e biotecnologia",Trópico Semiárido: pesquisa e mecanização,"trópico semi, centro agropecuária, agropecuária trópico, tropico, mecanização agrícola, pnp, tropico semi, árido cpatsa, jornal, agricultura irrigada",0,610,0,
T016,2,Recursos genéticos e fruteiras nativas,Maracujá,"maracujazeiro, passiflora, passiflora edulis, azedo, maracujazeiro azedo, maracujazeiro amarelo, maracujá passiflora, maracujá amarelo, flavicarpa, cincinnata",21,1273,32,
T024,2,Recursos genéticos e fruteiras nativas,Castanha-da-amazônia,"bertholletia, bertholletia excelsa, excelsa, castanheira, castanha amazônia, excelsa castanha, bonpl, castanha castanha, castanheiras, excelsa bonpl",20,797,3,
T045,2,Recursos genéticos e fruteiras nativas,Bancos de germoplasma,"genética acessos, acessos banco, bancos germoplasma, germoplasma bag, conservação germoplasma, bancos ativos, germoplasma vegetal, ativos germoplasma, coleção germoplasma, bag banco",39,1716,0,
T050,2,Recursos genéticos e fruteiras nativas,"Palmito, pupunha e frutos amazônicos","palmito, pupunheira, camu, bacaba, oenocarpus, tucumã, camucamuzeiro, camu camu, cpatu, astrocaryum",19,904,6,
T053,2,Recursos genéticos e fruteiras nativas,Açaí,"açaí, euterpe, açaizeiro, euterpe oleracea, açaí euterpe, oleracea mart, precatoria, açaizeiro euterpe, açaizeiros, euterpe precatoria",14,843,8,
T057,2,Recursos genéticos e fruteiras nativas,Cupuaçu,"cupuaçuzeiro, cupuaçu, grandiflorum, theobroma grandiflorum, bruxa, vassoura bruxa, vassoura, cupuaçuzeiro theobroma, perniciosa, cupuaçu doença",15,934,4,
T061,2,Recursos genéticos e fruteiras nativas,Guaraná,"guaraná, cupana, paullinia, paullinia cupana, guaranazeiro, guaraná paullinia, sorbilis, cupana var, var sorbilis, guarana",14,729,2,
T076,2,Recursos genéticos e fruteiras nativas,Espécies nativas: nomenclatura e descrição,"nomes vulgares, vulgares, nomes, descrição espécie, nomenclatura, unidades federação, nativa madeira, federação, canela, ingá",1,1421,0,
T078,2,Recursos genéticos e fruteiras nativas,Umbu,"umbu, spondias, tuberosa, spondias tuberosa, umbuzeiro, imbuzeiro, tuberosa umbu, tuberosa arruda, umbuzeiro spondias, arruda",1,410,1,
T110,2,Recursos genéticos e fruteiras nativas,Acerola,"acerola, aceroleira, malpighia, emarginata, malpighia emarginata, malpighia glabra, glabra, cherry, barbados, acerola malpighia",5,375,0,
T132,2,Recursos genéticos e fruteiras nativas,Abóbora,"abóbora, moschata, cucurbita, cucúrbita, cucúrbita moschata, cucurbita moschata, abóboras, cucurbitáceas, bgc, abobora",9,357,0,
T001,2,"Piscicultura, mandioca, pimentas e óleos essenciais",Piscicultura e pesca,"piscicultura, tambaqui, pesca, tilápia, macropomum, colossoma, colossoma macropomum, pescado, água doce, pirarucu",115,2535,25,
T006,2,"Piscicultura, mandioca, pimentas e óleos essenciais",Mandioca,"mandioca manihot, crantz, esculenta crantz, cultura mandioca, mandioca mesa, farinha mandioca, variedades mandioca, cultivares mandioca, genótipos mandioca, mandioca mandioca",48,2299,33,
T019,2,"Piscicultura, mandioca, pimentas e óleos essenciais",Óleos essenciais e plantas aromáticas,"lippia, essential oil, aduncum, hispidinervum, pimenta longa, piper aduncum, safrol, piper hispidinervum, oils, essential oils",18,1556,1,
T113,2,"Piscicultura, mandioca, pimentas e óleos essenciais",Pinhão-manso,"pinhão manso, manso, curcas, jatropha, jatropha curcas, manso jatropha, curcas pinhão, plantas pinhão, torta pinhão, inicial pinhão",10,696,1,
T119,2,"Piscicultura, mandioca, pimentas e óleos essenciais",Pimentas e pimenta-do-reino,"capsicum, pimentão, piper nigrum, nigrum, reino piper, pimentas, annuum, chinense, capsicum annuum, capsicum chinense",12,1002,2,
T010,2,Feijões,Feijão-caupi,"caupi vigna, feijão corda, unguiculata walp, corda, walp, genótipos feijão, caupi feijão, macassar, ereto, cultivares feijão",22,1992,18,
T013,2,Feijões,Feijão-comum: melhoramento,"vegetal phaseolus, carioca, feijoeiro comum, feijoeiro, feijão melhoramento, feijão phaseolus, feijão comum, cnfc, linhagens feijoeiro, genótipos feijoeiro",23,1856,3,
T032,2,Feijões,Feijão-comum: doenças,"lindemuthianum, planta feijão, angular, colletotrichum lindemuthianum, mancha angular, feijoeiro, feijoeiro comum, phaseoli, crestamento, feijão fungo",6,1414,2,
T093,2,Feijões,Feijão-comum: cultivares,"vulgaris variedade, cultivar feijoeiro, bean cultivar, cultivar feijão, carioca, vegetal phaseolus, feijão melhoramento, brsmg, variedade brs, feijão preto",3,629,29,
T108,2,Feijões,Feijão-comum: manejo e adubação,"feijoeiro, nitrogênio phaseolus, vulgaris plantio, feijoeiro irrigado, produtividade feijoeiro, cultura feijoeiro, feijoeiro phaseolus, feijão irrigação, vulgaris solo, conafe",1,817,4,
T044,2,Microbiologia do solo e fixação biológica de nitrogênio,Rizosfera e inoculantes,"rhizosphere, azospirillum, bradyrhizobium, microbiome, inoculante, brasilense, brm, rhizosphere microbiome, inoculantes, japonicum",45,789,16,
T097,2,Microbiologia do solo e fixação biológica de nitrogênio,Fungos micorrízicos,"arbusculares, micorrízicos, fungos micorrízicos, micorrízicos arbusculares, arbuscular, micorriza, mycorrhizal, fma, amf, micorrízica",13,639,4,
T138,2,Microbiologia do solo e fixação biológica de nitrogênio,Rizóbios e fixação biológica de nitrogênio,"rhizobium, rizóbio, rizóbios, tropici, fbn, rhizobium tropici, nodulação, feijão fixação, nódulos, simbiose",20,704,2,
T140,2,Microbiologia do solo e fixação biológica de nitrogênio,Microbiologia do solo e coleções de microrganismos,"microbiologia solo, microbianos, coleção microrganismos, multifuncionais, microrganismos multifuncionais, microbianas, biotecnológico, microbioma, micro organismos, metagenômica",53,1026,4,
T004,2,Arroz,Arroz: cultivares,"arroz irrigado, terras altas, arroz terras, vegetal oryza, arroz arroz, arroz sequeiro, cultivares arroz, cultivar arroz, arroz oryza, genótipos arroz",27,2341,23,
T039,2,Arroz,Brusone do arroz,"brusone, oryzae, pyricularia, grisea, magnaporthe, planta oryza, magnaporthe oryzae, pyricularia grisea, blast, pyricularia oryzae",9,975,1,
T081,2,Arroz,Arroz: manejo e adubação,"arroz irrigado, nitrogênio oryza, arroz terras, adubação arroz, terras altas, cultura arroz, upland rice, produtividade arroz, plantas arroz, upland",7,941,2,
T000,2,Uva e vinho,Uva e vinho,"uvas, vinhos, vinifera, vitis vinifera, wines, wine, syrah, grape, cabernet, sauvignon",34,2675,31,
T065,2,Uva e vinho,Doenças da videira,"grapevine, míldio, viticola, cancro bacteriano, uva viticultura, míldio videira, cancro, uva videira, xanthomonas campestris, campestris",11,1002,7,
T036,2,Nutrição animal,Alimentação de ruminantes e digestibilidade,"feno, ruminal, alimentados, volumoso, farelo soja, dietas contendo, digestibilidade aparente, consumo digestibilidade, fdn, rúmen",15,1322,1,
T072,2,Nutrição animal,Silagem,"silagens, silos, silage, ensilagem, silages, degradabilidade, detergente, fibra detergente, fdn, fda",2,678,0,
T084,2,Nutrição animal,Carcaça e terminação de animais,"carcaça, confinamento, cordeiros, carcass, lambs, terminados, características carcaça, meat, castrados, abatidos",11,1058,5,
T122,2,Nutrição animal,"Consumo alimentar, metano e eficiência","intake, digestibility, diets, methane, rumen, silage, fed, rfi, cactus, dmi",2,627,0,
T144,2,Nutrição animal,Suplementação mineral,"suplemento, suplementacao, suplemento mineral, suplementos, suplementação mineral, supplements, suplemento alimentar, suplementação alimentar, suplementados, mistura mineral",7,885,6,
T009,2,"Grãos: milho, soja, sorgo e girassol",Soja: cultivares e sementes,"cultivares soja, sementes soja, cultivar soja, soja soja, semente soja, soja brs, genótipos soja, soja variedade, linhagens soja, grãos soja",25,3289,54,
T015,2,"Grãos: milho, soja, sorgo e girassol",Milho: cultivares e melhoramento,"cultivares milho, híbridos milho, variedade zea, melhoramento milho, maize melhoramento, milho nordeste, espigas, cms, milho variedade, cultivar milho",10,3599,14,
T059,2,"Grãos: milho, soja, sorgo e girassol",Sorgo,"sacarino, sorgo sacarino, granífero, sorgo granífero, bicolor sorgo, híbridos sorgo, cultivares sorgo, genótipos sorgo, sorgo forrageiro, sorgo biomassa",4,1500,10,
T088,2,"Grãos: milho, soja, sorgo e girassol",Consórcio milho-braquiária e milho safrinha,"consórcio milho, ruziziensis, milho safrinha, solteiro, milho braquiária, brachiaria ruziziensis, crotalária, cultivo consorciado, cultivo solteiro, solteiro consorciado",12,929,14,
T089,2,"Grãos: milho, soja, sorgo e girassol",Girassol,"genótipos girassol, helianthus, sunflower, annuus, helianthus annuus, girassol helianthus, ensaio final, cultura girassol, aquênios, cultivo girassol",4,708,4,
T118,2,"Grãos: milho, soja, sorgo e girassol",Tolerância à seca,"water deficit, water stress, drought tolerance, under water, drought stress, drought tolerant, stomatal, under drought, salinity, gas exchange",2,714,0,
T124,2,"Grãos: milho, soja, sorgo e girassol",Adubação nitrogenada,"milho nitrogênio, nitrogênio potássio, nitrogenada cobertura, volatilização, nitrogenado, adubação npk, nitrato amônio, fertilizante nitrogenado, nbpt, fertilizantes nitrogenados",14,1392,3,
T142,2,"Grãos: milho, soja, sorgo e girassol",Tolerância ao alumínio,"aluminum, tolerância alumínio, aluminio, tolerancia, aluminium, aluminium alumínio, toxidez alumínio, tolerance tolerancia, solos ácidos, alumínio tóxico",3,505,0,
T008,2,Fruticultura,Banana,"sigatoka, sigatoka negra, musa, fijiensis, mycosphaerella, bananeiras, musa spp, mycosphaerella fijiensis, mal panamá, panamá",31,1895,16,
T029,2,Fruticultura,Maçã,"macieira, gala, fuji, malus, macieiras, malus domestica, maçãs, domestica, apple, antigranizo",19,1002,3,
T048,2,Fruticultura,Manga: produção,"tommy, atkins, tommy atkins, mangifera, mangifera indica, mango, mangueira, manga mangifera, mangas, palmer",10,1039,12,
T051,2,Fruticultura,Abacaxi,"abacaxi, abacaxizeiro, comosus, ananas, ananás, ananás comosus, ananas comosus, pineapple, comosus var, cultura abacaxi",15,762,11,
T105,2,Fruticultura,Manga: doenças,"mangueira, theobromae, mangiferae, mango, mangifera, mangifera indica, manga mangifera, malformação, lasiodiplodia, botryodiplodia",14,862,2,
T127,2,Fruticultura,Mamão,"mamoeiro, papaya, carica papaya, carica, meleira, mamoeiro carica, sunrise, sunrise solo, mamoeiros, tainung",13,785,4,
T129,2,Fruticultura,Pêssego e amora-preta,"pessegueiro, amora, prunus, amora preta, amoreira preta, amoreira, pêssegos, persica, prunus persica, ameixeira",15,674,29,
T005,2,Pragas agrícolas,Lagarta-do-cartucho e outras lagartas,"frugiperda, spodoptera, spodoptera frugiperda, noctuidae, lepidoptera noctuidae, lagartas, cartucho, lagarta cartucho, trichogramma, hymenoptera",33,3798,13,
T034,2,Pragas agrícolas,Moscas-das-frutas,"anastrepha, tephritidae, mosca frutas, moscas frutas, moscas, diptera tephritidae, fraterculus, diptera, ceratitis, ceratitis capitata",15,1401,4,
T100,2,Pragas agrícolas,Ácaros,"ácaro, acari, tetranychus, urticae, tetranychidae, mite, aceria, coqueiro, phytoseiidae, tetranychus urticae",14,1558,2,
T103,2,Pragas agrícolas,Mosca-branca,"mosca branca, bemisia, tabaci, bemisia tabaci, branca bemisia, tabaci biótipo, biótipo, controle mosca, aleyrodidae, hemiptera aleyrodidae",16,1178,2,
T111,2,Pragas agrícolas,Cigarrinhas,"cigarrinha, cigarrinhas, cigarrinha pastagens, mahanarva, cercopidae, cigarrinhas pastagens, deois, hemiptera cercopidae, mahanarva spectabilis, spectabilis",14,592,5,
T012,2,"Cadeias pecuárias: leite, corte, aves, suínos, caprinos e ovinos",Pecuária de leite e de corte: cadeias produtivas,"pecuária leiteira, leite derivados, pecuária corte, atividade leiteira, carne bovina, gado leiteiro, lácteos, produtiva leite, balde cheio, bovinos corte",57,2427,19,
T086,2,"Cadeias pecuárias: leite, corte, aves, suínos, caprinos e ovinos",Caprinos e ovinos,"caprinocultura, caprinos ovinos, ovinocultura, goat, cabra, ovina, leite cabra, caprinos leiteiros, caprinocultura leiteira, peles",48,1197,7,
T106,2,"Cadeias pecuárias: leite, corte, aves, suínos, caprinos e ovinos",Avicultura e suinocultura,"galinhas, avicultura, galinha, caipiras, suinocultura, galinhas caipiras, postura, suínos aves, poedeiras, galinha caipira",40,909,12,
T109,2,"Cadeias pecuárias: leite, corte, aves, suínos, caprinos e ovinos",Frangos e suínos: nutrição,"frangos, frangos corte, frango corte, broiler, broilers, suínos abate, energia metabolizável, metabolizável, rações, pré abate",57,1327,7,
T035,2,Sanidade animal,Carrapato bovino,"microplus, carrapato, rhipicephalus, boophilus, boophilus microplus, carrapatos, tick, rhipicephalus boophilus, babesia, ticks",19,933,9,
T037,2,Sanidade animal,Doenças de caprinos e ovinos,"artrite, caprina, doença animal, cae, linfadenite, caprine, elisa, caseosa, anticorpos, linfadenite caseosa",34,1562,2,
T046,2,Sanidade animal,Verminose de pequenos ruminantes,"contortus, haemonchus, haemonchus contortus, gastrintestinais, gastrintestinal, verminose, opg, famacha, nematódeos, helminto",27,952,4,
T060,2,Sanidade animal,Mastite,"mastite, staphylococcus, aureus, mastitis, staphylococcus aureus, subclínica, mastite bovina, coagulase, salmonella, antimicrobianos",31,1268,3,
T018,2,Pastagens e forrageiras,"Capins Panicum (Tanzânia, Mombaça) e manejo do pastejo","tanzânia, capim tanzânia, mombaça, lotação, perfilhos, massai, diferimento, colmo, massa forragem, perfilho",19,1570,6,
T042,2,Pastagens e forrageiras,Amendoim forrageiro,"amendoim forrageiro, pintoi, peanut, hypogaea, arachis pintoi, arachis hypogaea, forage peanut, mandobi, amendoim arachis, forrageiro arachis",13,760,19,
T067,2,Pastagens e forrageiras,Manejo de pastagens e sementes forrageiras,"manejo pastagem, aveia forrageira, plantas forrageiras, manejo pastagens, sementes forrageiras, pastagens nativas, pastagem nativa, forrageiras tropicais, espécies forrageiras, palma forrageira",39,2034,43,
T094,2,Pastagens e forrageiras,Andropogon e forrageiras do Cerrado,"andropogon, gayanus, andropogon gayanus, gramíneas forrageiras, leguminosas forrageiras, pastos forrajeros, forrajeros, gramineas, ciat, capim andropogon",12,807,13,
T107,2,Pastagens e forrageiras,Paspalum,"paspalum, notatum, gênero paspalum, paspalum notatum, paspalum spp, atratum, regnellii, paspalum atratum, paspalum regnellii, guenoarum",14,628,2,
T120,2,Pastagens e forrageiras,Braquiárias: melhoramento e apomixia,"ruziziensis, humidicola, brachiaria ruziziensis, brachiaria humidicola, apomixia, apomictic, brachiaria spp, brizantha brachiaria, gênero brachiaria, basilisk",12,750,5,
T021,2,Reprodução e melhoramento genético animal,Reprodução animal e inseminação,"estro, sêmen, inseminação, reprodução animal, embryo, inseminação artificial, estrus, sincronização, ovulação, sperm",29,2293,14,
T025,2,Reprodução e melhoramento genético animal,Gado de corte: raças e desempenho,"nelore, canchim, desmama, raça nelore, nascimento, raça canchim, touros, materno, gado nelore, bovinos raça",11,1586,12,
T071,2,Reprodução e melhoramento genético animal,Gado leiteiro: Gir e Girolando,"girolando, gir, lactação, vacas, holandesa, raça holandesa, parto, lactation, lactações, gir leiteiro",15,1215,3,
T077,2,Reprodução e melhoramento genético animal,Genômica animal,"snp, snps, breeds, bos, qtl, polymorphisms, polimorfismos, indicus, allele, genome wide",29,1472,9,
T047,2,Trigo,Trigo e triticale: cultivares,"cultivares trigo, triticale, cultivar trigo, triticum, triticum aestivum, aestivum, trigo brs, trigo trigo, trigo triticale, trigo triticum",21,1701,22,
T135,2,Trigo,"Doenças do trigo (giberela, brusone)","giberela, brusone, pyricularia, triticum, brusone trigo, tritici, aestivum, triticum aestivum, pyricularia oryzae, ferrugem folha",23,898,1,
T066,2,Recursos hídricos e irrigação,Captação de água de chuva e barragens subterrâneas,"água chuva, captação, barragem, barragem subterrânea, captação água, cisterna, subterrânea, cisternas, barragens, barragens subterrâneas",20,857,15,
T102,2,Recursos hídricos e irrigação,Bacias hidrográficas,"hidrográfica, bacia hidrográfica, bacias, hidrográficas, bacias hidrográficas, microbacia, microbacias, bacia rio, hidrográfica rio, sedimentos",23,1189,2,
T137,2,Recursos hídricos e irrigação,Irrigação,"irrigação irrigação, distribuição água, irrigação localizada, irrigação aspersão, injetor, aspersor, emissores, sulcos, vazão, uniformidade distribuição",16,858,11,
