unidade_id,nome_atual,sigla_historica,categoria,uf,confirmar,nota
acre,Embrapa Acre,CPAF-AC,centro,AC,N,
agricultura_digital,Embrapa Agricultura Digital,CNPTIA,centro,SP,N,antiga Embrapa Informática Agropecuária
agrobiologia,Embrapa Agrobiologia,CNPAB,centro,RJ,N,
agroenergia,Embrapa Agroenergia,CNPAE,centro,DF,N,
agroindustria_alimentos,Embrapa Agroindústria de Alimentos,CTAA,centro,RJ,N,
agroindustria_tropical,Embrapa Agroindústria Tropical,CNPAT,centro,CE,N,
agropecuaria_oeste,Embrapa Agropecuária Oeste,CPAO,centro,MS,N,
agrossilvipastoril,Embrapa Agrossilvipastoril,CPAMT,centro,MT,N,
algodao,Embrapa Algodão,CNPA,centro,PB,N,
alimentos_territorios,Embrapa Alimentos e Territórios,CNAT,centro,AL,N,
amapa,Embrapa Amapá,CPAF-AP,centro,AP,N,
amazonia_ocidental,Embrapa Amazônia Ocidental,CPAA,centro,AM,N,
amazonia_oriental,Embrapa Amazônia Oriental,CPATU,centro,PA,N,
arroz_feijao,Embrapa Arroz e Feijão,CNPAF,centro,GO,N,
cafe,Embrapa Café,CNPCA,centro,DF,N,
caprinos_ovinos,Embrapa Caprinos e Ovinos,CNPC,centro,CE,N,
cerrados,Embrapa Cerrados,CPAC,centro,DF,N,
clima_temperado,Embrapa Clima Temperado,CPACT,centro,RS,N,
florestas,Embrapa Florestas,CNPF,centro,PR,N,
gado_corte,Embrapa Gado de Corte,CNPGC,centro,MS,N,
gado_leite,Embrapa Gado de Leite,CNPGL,centro,MG,N,
hortalicas,Embrapa Hortaliças,CNPH,centro,DF,N,
instrumentacao,Embrapa Instrumentação,CNPDIA,centro,SP,N,
mandioca_fruticultura,Embrapa Mandioca e Fruticultura,CNPMF,centro,BA,N,
maranhao,Embrapa Maranhão,CPACP,centro,MA,N,antiga Embrapa Cocais
meio_ambiente,Embrapa Meio Ambiente,CNPMA,centro,SP,N,
meio_norte,Embrapa Meio-Norte,CPAMN,centro,PI,N,
milho_sorgo,Embrapa Milho e Sorgo,CNPMS,centro,MG,N,
pantanal,Embrapa Pantanal,CPAP,centro,MS,N,
pecuaria_sudeste,Embrapa Pecuária Sudeste,CPPSE,centro,SP,N,
pecuaria_sul,Embrapa Pecuária Sul,CPPSUL,centro,RS,N,
pesca_aquicultura,Embrapa Pesca e Aquicultura,CNPASA,centro,TO,N,
recursos_geneticos,Embrapa Recursos Genéticos e Biotecnologia,CENARGEN,centro,DF,N,
rondonia,Embrapa Rondônia,CPAF-RO,centro,RO,N,
roraima,Embrapa Roraima,CPAF-RR,centro,RR,N,
semiarido,Embrapa Semiárido,CPATSA,centro,PE,N,
soja,Embrapa Soja,CNPSO,centro,PR,N,
solos,Embrapa Solos,CNPS,centro,RJ,N,
suinos_aves,Embrapa Suínos e Aves,CNPSA,centro,SC,N,
tabuleiros_costeiros,Embrapa Tabuleiros Costeiros,CPATC,centro,SE,N,
territorial,Embrapa Territorial,CNPM,centro,SP,N,antiga Embrapa Monitoramento por Satélite
trigo,Embrapa Trigo,CNPT,centro,RS,N,
uva_vinho,Embrapa Uva e Vinho,CNPUV,centro,RS,N,
sede,Embrapa Sede e unidades centrais,SEDE,central,DF,N,"agrega diretorias, gerências, assessorias e superintendências"
spm_brasilia,Escritório de Negócios de Brasília (Embrapa Produtos e Mercado),SPM-Brasília,escritorio,DF,N,escritório da antiga Embrapa Produtos e Mercado (SPM)
spm_campina_grande,Escritório de Negócios de Campina Grande (Embrapa Produtos e Mercado),SPM-Campina Grande,escritorio,PB,N,escritório da antiga Embrapa Produtos e Mercado (SPM)
spm_campinas,Escritório de Negócios de Campinas (Embrapa Produtos e Mercado),SPM-Campinas,escritorio,SP,N,escritório da antiga Embrapa Produtos e Mercado (SPM)
spm_canoinhas,Escritório de Negócios de Canoinhas (Embrapa Produtos e Mercado),SPM-Canoinhas,escritorio,SC,N,escritório da antiga Embrapa Produtos e Mercado (SPM)
spm_capao_do_leao,Escritório de Negócios de Capão do Leão (Embrapa Produtos e Mercado),SPM-Capão do Leão,escritorio,RS,N,escritório da antiga Embrapa Produtos e Mercado (SPM)
spm_dourados,Escritório de Negócios de Dourados (Embrapa Produtos e Mercado),SPM-Dourados,escritorio,MS,N,escritório da antiga Embrapa Produtos e Mercado (SPM)
spm_goiania,Escritório de Negócios de Goiânia (Embrapa Produtos e Mercado),SPM-Goiânia,escritorio,GO,N,escritório da antiga Embrapa Produtos e Mercado (SPM)
spm_imperatriz,Escritório de Negócios de Imperatriz (Embrapa Produtos e Mercado),SPM-Imperatriz,escritorio,MA,N,escritório da antiga Embrapa Produtos e Mercado (SPM)
spm_londrina,Escritório de Negócios de Londrina (Embrapa Produtos e Mercado),SPM-Londrina,escritorio,PR,N,escritório da antiga Embrapa Produtos e Mercado (SPM)
spm_passo_fundo,Escritório de Negócios de Passo Fundo (Embrapa Produtos e Mercado),SPM-Passo Fundo,escritorio,RS,N,escritório da antiga Embrapa Produtos e Mercado (SPM)
spm_petrolina,Escritório de Negócios de Petrolina (Embrapa Produtos e Mercado),SPM-Petrolina,escritorio,PE,N,escritório da antiga Embrapa Produtos e Mercado (SPM)
spm_ponta_grossa,Escritório de Negócios de Ponta Grossa (Embrapa Produtos e Mercado),SPM-Ponta Grossa,escritorio,PR,N,escritório da antiga Embrapa Produtos e Mercado (SPM)
spm_rondonopolis,Escritório de Negócios de Rondonópolis (Embrapa Produtos e Mercado),SPM-Rondonópolis,escritorio,MT,N,escritório da antiga Embrapa Produtos e Mercado (SPM)
spm_sete_lagoas,Escritório de Negócios de Sete Lagoas (Embrapa Produtos e Mercado),SPM-Sete Lagoas,escritorio,MG,N,escritório da antiga Embrapa Produtos e Mercado (SPM)
spm_uberlandia,Escritório de Negócios de Uberlândia (Embrapa Produtos e Mercado),SPM-Uberlândia,escritorio,MG,N,escritório da antiga Embrapa Produtos e Mercado (SPM)
