alias,unidade_id,nota
Embrapa Amapa,amapa,grafia sem acento na base de publicações
Embrapa Cocais,maranhao,nome anterior
Embrapa Informática Agropecuária,agricultura_digital,nome anterior
Embrapa Monitoramento por Satélite,territorial,nome anterior
Embrapa Gestão Territorial,territorial,nome anterior
Embrapa Tabuleiros Costeiros e Baixada Litorânea,tabuleiros_costeiros,
Embrapa Sede,sede,
Assessoria de Auditoria Interna,sede,aparece como unidade líder de projeto
AEST,sede,
AI-SEDE,sede,
AJU,sede,
APAC-EX,sede,
ARIG,sede,
ARIN,sede,
ASCOM,sede,
AUD,sede,
CECAT,sede,
COR,sede,
DADM,sede,
DAF,sede,
DAP,sede,
DEGG,sede,
DEGI,sede,
DEIT,sede,
DENE,sede,
DEPD,sede,
DEPI,sede,
DEPSF,sede,
DGP,sede,
DINT,sede,
DPD,sede,
DPS,sede,
DTI,sede,
DTT,sede,
GADM,sede,
GCI,sede,
GDP,sede,"728 pessoas, maioria inativa: unidade real é inferida pela produção"
GEO,sede,
GGINT,sede,
GGPD,sede,
GIS,sede,
GNE,sede,
GOFC,sede,
GPR,sede,
OUVIDORIA,sede,
PR,sede,
SCT,sede,antiga Embrapa Informação Tecnológica
SDI,sede,
SECOM,sede,
SGE,sede,
SGI,sede,
SGTE,sede,
SIN,sede,
SIRE,sede,
SNE,sede,
SPD,sede,
SPM,sede,escritórios de negócios (antiga Embrapa Produtos e Mercado)
SPM - E. Brasilia,sede,
SPM - E. Campina Grande,sede,
SPM - E. Campinas,sede,
SPM - E. Canoinhas,sede,
SPM - E. Capao do Leao,sede,
SPM - E. Dourados,sede,
SPM - E. Goiania,sede,
SPM - E. Imperatriz,sede,
SPM - E. Londrina,sede,
SPM - E. Passo Fundo,sede,
SPM - E. Petrolina,sede,
SPM - E. Ponta Grossa,sede,
SPM - E. Rondonopolis,sede,
SPM - E. Sete Lagoas,sede,
SPM - E. Triangulo Mineiro,sede,
SUEST,sede,
SUSEC,sede,
